appid,hash_name,url
753,1334590-Deer Lady,https://steamcommunity.com/market/priceoverview/?appid=753&currency=34&market_hash_name=1334590-Deer Lady
753,1334590-Shark,https://steamcommunity.com/market/priceoverview/?appid=753&currency=34&market_hash_name=1334590-Shark
753,1334590-Cheerful Wolf,https://steamcommunity.com/market/priceoverview/?appid=753&currency=34&market_hash_name=1334590-Cheerful Wolf
753,1334590-Raccoon,https://steamcommunity.com/market/priceoverview/?appid=753&currency=34&market_hash_name=1334590-Raccoon
753,1334590-Pink Haired Beauty,https://steamcommunity.com/market/priceoverview/?appid=753&currency=34&market_hash_name=1334590-Pink Haired Beauty
753,1334590-On the Beach,https://steamcommunity.com/market/priceoverview/?appid=753&currency=34&market_hash_name=1334590-On the Beach
753,1334590-Couple of \u0421uties,https://steamcommunity.com/market/priceoverview/?appid=753&currency=34&market_hash_name=1334590-Couple of \u0421uties
753,1334590-Fluffy Girl,https://steamcommunity.com/market/priceoverview/?appid=753&currency=34&market_hash_name=1334590-Fluffy Girl
753,1334590-Two Feathers,https://steamcommunity.com/market/priceoverview/?appid=753&currency=34&market_hash_name=1334590-Two Feathers
753,1334590-Inviting Gaze,https://steamcommunity.com/market/priceoverview/?appid=753&currency=34&market_hash_name=1334590-Inviting Gaze
